{
  "type": "create:compacting",
  "ingredients": [
    {
      "item": "minecraft:blaze_powder"
    },
    {
      "item": "minecraft:blaze_powder"
    },
    {
      "item": "minecraft:blaze_powder"
    },
    {
      "item": "minecraft:blaze_powder"
    },
    {
      "item": "minecraft:blaze_powder"
    },
    {
      "item": "minecraft:blaze_powder"
    },
    {
      "fluid": "minecraft:lava",
      "nbt": {},
      "amount": 50
    }
  ],
  "results": [
    {
      "item": "minecraft:blaze_rod"
    }
  ]
}